{
  "version": 1,
  "author": "Sirio",
  "editor": "wokwi",
  "parts": [
    { "type": "wokwi-breadboard-half", "id": "bb1", "top": -79.8, "left": -218, "attrs": {} },
    { "type": "board-esp32-devkit-c-v4", "id": "esp", "top": -67.2, "left": 177.64, "attrs": {} },
    {
      "type": "wokwi-led",
      "id": "led1",
      "top": 222.4,
      "left": 61.8,
      "rotate": 180,
      "attrs": { "color": "white", "flip": "1" }
    },
    {
      "type": "wokwi-led",
      "id": "led2",
      "top": 232,
      "left": 138.2,
      "rotate": 180,
      "attrs": { "color": "red", "flip": "1" }
    },
    {
      "type": "wokwi-pushbutton",
      "id": "btn1",
      "top": -19.3,
      "left": -207.7,
      "rotate": 90,
      "attrs": { "color": "green" }
    },
    {
      "type": "wokwi-pushbutton",
      "id": "btn2",
      "top": -0.1,
      "left": -140.5,
      "rotate": 90,
      "attrs": { "color": "red" }
    },
    { "type": "wokwi-relay-module", "id": "relay1", "top": 163.4, "left": -86.4, "attrs": {} },
    {
      "type": "wokwi-photoresistor-sensor",
      "id": "ldr1",
      "top": 262.4,
      "left": -258.4,
      "attrs": {}
    }
  ],
  "connections": [
    [ "esp:TX", "$serialMonitor:RX", "", [] ],
    [ "esp:RX", "$serialMonitor:TX", "", [] ],
    [ "bb1:bn.25", "esp:5V", "red", [ "v0" ] ],
    [ "bb1:bp.25", "esp:GND.1", "black", [ "h40", "v-39.3" ] ],
    [ "ldr1:GND", "bb1:bp.19", "black", [ "v-0.4", "h-20.8" ] ],
    [ "relay1:GND", "bb1:bp.6", "black", [ "h0" ] ],
    [ "relay1:IN", "esp:15", "green", [ "h-9.6", "v47.8", "h422.4", "v-144" ] ],
    [ "led2:C", "bb1:bp.24", "black", [ "v-86.4", "h-57.2", "v-28.8", "h-30.4" ] ],
    [ "btn1:2.r", "bb1:bp.1", "black", [ "v0" ] ],
    [ "btn2:2.r", "bb1:bp.7", "black", [ "v0" ] ],
    [ "btn1:1.r", "esp:14", "green", [ "v0" ] ],
    [ "btn2:1.r", "esp:27", "green", [ "v0" ] ],
    [ "ldr1:VCC", "bb1:bn.22", "red", [ "h0" ] ],
    [ "relay1:VCC", "bb1:bn.8", "red", [ "h0" ] ],
    [ "led2:A", "esp:25", "red", [ "v0" ] ],
    [ "led1:A", "esp:26", "red", [ "h57.2", "v-182.4" ] ],
    [ "led1:C", "relay1:NO", "black", [ "v0" ] ],
    [ "ldr1:DO", "esp:2", "green", [ "h307.2", "v-211.8" ] ],
    [ "relay1:COM", "bb1:bp.21", "black", [ "h0" ] ],
    [ "btn1:1.l", "bb1:4t.a", "", [ "$bb" ] ],
    [ "btn1:2.l", "bb1:2t.a", "", [ "$bb" ] ],
    [ "btn1:1.r", "bb1:4b.f", "", [ "$bb" ] ],
    [ "btn1:2.r", "bb1:2b.f", "", [ "$bb" ] ],
    [ "btn2:1.l", "bb1:11t.c", "", [ "$bb" ] ],
    [ "btn2:2.l", "bb1:9t.c", "", [ "$bb" ] ],
    [ "btn2:1.r", "bb1:11b.h", "", [ "$bb" ] ],
    [ "btn2:2.r", "bb1:9b.h", "", [ "$bb" ] ]
  ],
  "dependencies": {}
}