{
  "version": 1,
  "author": "Anonymous maker",
  "editor": "wokwi",
  "parts": [
    { "type": "board-esp32-devkit-c-v4", "id": "esp", "top": 67.2, "left": 24.04, "attrs": {} },
    {
      "type": "wokwi-pushbutton",
      "id": "btn1",
      "top": 182.3,
      "left": -82.9,
      "rotate": 90,
      "attrs": { "color": "green" }
    },
    { "type": "wokwi-led", "id": "led1", "top": 44.4, "left": 224.6, "attrs": { "color": "red" } },
    { "type": "wokwi-led", "id": "led2", "top": 25.2, "left": 167, "attrs": { "color": "green" } }
  ],
  "connections": [
    [ "esp:TX", "$serialMonitor:RX", "", [] ],
    [ "esp:RX", "$serialMonitor:TX", "", [] ],
    [ "led1:C", "esp:GND.2", "green", [ "v0" ] ],
    [ "led2:C", "esp:GND.2", "green", [ "v0" ] ],
    [ "led1:A", "esp:23", "cyan", [ "v0" ] ],
    [ "led2:A", "esp:22", "yellow", [ "v0" ] ],
    [ "btn1:2.l", "esp:GND.2", "green", [ "v0" ] ],
    [ "btn1:1.l", "esp:21", "limegreen", [ "v0" ] ]
  ],
  "dependencies": {}
}