{
  "version": 1,
  "author": "Sirio",
  "editor": "wokwi",
  "parts": [
    { "type": "wokwi-breadboard-half", "id": "bb1", "top": -79.8, "left": -160.4, "attrs": {} },
    { "type": "board-esp32-devkit-c-v4", "id": "esp", "top": -86.4, "left": 225.64, "attrs": {} },
    {
      "type": "wokwi-photoresistor-sensor",
      "id": "ldr1",
      "top": 281.6,
      "left": -200.8,
      "attrs": {}
    },
    { "type": "wokwi-relay-module", "id": "relay1", "top": 173, "left": -86.4, "attrs": {} },
    {
      "type": "wokwi-led",
      "id": "led1",
      "top": 212.8,
      "left": 128.6,
      "rotate": 180,
      "attrs": { "color": "red", "flip": "1" }
    }
  ],
  "connections": [
    [ "esp:TX", "$serialMonitor:RX", "", [] ],
    [ "esp:RX", "$serialMonitor:TX", "", [] ],
    [ "relay1:NO", "led1:C", "green", [ "h0" ] ],
    [ "relay1:GND", "bb1:bn.1", "black", [ "h0" ] ],
    [ "relay1:COM", "bb1:bn.16", "black", [ "h0" ] ],
    [ "bb1:bn.25", "esp:GND.1", "black", [ "h40", "v-49.3" ] ],
    [ "relay1:VCC", "bb1:bp.3", "red", [ "h0" ] ],
    [ "relay1:IN", "esp:15", "green", [ "v47.8", "h432", "v-172.8" ] ],
    [ "ldr1:DO", "esp:2", "green", [ "h393.6", "v-240.6" ] ],
    [ "ldr1:GND", "bb1:bn.21", "black", [ "h0" ] ],
    [ "ldr1:VCC", "bb1:bp.21", "red", [ "h124.8", "v-191.1" ] ],
    [ "led1:A", "bb1:bp.24", "red", [ "v-57.6", "h-20.8" ] ],
    [ "bb1:bp.25", "esp:5V", "red", [ "v37.5", "h78.25" ] ]
  ],
  "dependencies": {}
}