{
  "version": 1,
  "author": "Sirio",
  "editor": "wokwi",
  "parts": [
    { "type": "wokwi-breadboard-half", "id": "bb1", "top": -51, "left": -189.2, "attrs": {} },
    { "type": "board-esp32-devkit-c-v4", "id": "esp", "top": -57.6, "left": 177.64, "attrs": {} },
    {
      "type": "wokwi-photoresistor-sensor",
      "id": "ldr1",
      "top": 195.2,
      "left": -143.2,
      "attrs": {}
    }
  ],
  "connections": [
    [ "esp:TX", "$serialMonitor:RX", "", [] ],
    [ "esp:RX", "$serialMonitor:TX", "", [] ],
    [ "ldr1:VCC", "bb1:bp.21", "red", [ "h38.4", "v-75.9" ] ],
    [ "ldr1:GND", "bb1:bn.22", "black", [ "h0" ] ],
    [ "bb1:bn.25", "esp:GND.1", "black", [ "h11.2", "v-20.5", "h57.6", "v-28.8" ] ],
    [ "bb1:bp.25", "esp:5V", "red", [ "h20.8", "v8.7" ] ],
    [ "ldr1:AO", "esp:2", "green", [ "h268.8", "v-135.1" ] ]
  ],
  "dependencies": {}
}