{
  "version": 1,
  "author": "Sirio",
  "editor": "wokwi",
  "parts": [
    { "type": "wokwi-breadboard-half", "id": "bb1", "top": -118.2, "left": -198.8, "attrs": {} },
    { "type": "board-esp32-devkit-c-v4", "id": "esp", "top": -96, "left": 244.84, "attrs": {} },
    { "type": "wokwi-relay-module", "id": "relay1", "top": 153.8, "left": -134.4, "attrs": {} },
    {
      "type": "wokwi-led",
      "id": "led1",
      "top": 193.6,
      "left": 51.8,
      "rotate": 180,
      "attrs": { "color": "red", "flip": "1" }
    },
    {
      "type": "wokwi-resistor",
      "id": "r1",
      "top": 168,
      "left": 76.25,
      "rotate": 90,
      "attrs": { "value": "1000" }
    },
    {
      "type": "wokwi-pushbutton",
      "id": "btn1",
      "top": -48.1,
      "left": -73.3,
      "rotate": 90,
      "attrs": { "color": "green" }
    }
  ],
  "connections": [
    [ "esp:TX", "$serialMonitor:RX", "", [] ],
    [ "esp:RX", "$serialMonitor:TX", "", [] ],
    [ "bb1:14b.i", "bb1:bn.11", "green", [ "h-9.6", "v49.3" ] ],
    [ "bb1:16b.i", "esp:14", "green", [ "v0" ] ],
    [ "relay1:VCC", "bb1:bp.3", "red", [ "h0" ] ],
    [ "bb1:bn.1", "relay1:GND", "black", [ "v0" ] ],
    [ "relay1:COM", "bb1:bn.16", "black", [ "h0" ] ],
    [ "relay1:NO", "led1:C", "black", [ "h0" ] ],
    [ "led1:A", "r1:2", "red", [ "v0" ] ],
    [ "r1:1", "bb1:bp.21", "red", [ "h0" ] ],
    [ "bb1:bp.25", "esp:5V", "red", [ "h40", "v37.5", "h105.45" ] ],
    [ "bb1:bn.25", "esp:GND.1", "black", [ "h20.8", "v-30.1" ] ],
    [ "esp:15", "relay1:IN", "green", [ "h9.6", "v182.4", "h-489.6" ] ],
    [ "btn1:1.l", "bb1:16t.b", "", [ "$bb" ] ],
    [ "btn1:2.l", "bb1:14t.b", "", [ "$bb" ] ],
    [ "btn1:1.r", "bb1:16b.g", "", [ "$bb" ] ],
    [ "btn1:2.r", "bb1:14b.g", "", [ "$bb" ] ]
  ],
  "dependencies": {}
}